sigmod2021,https://dblp.uni-trier.de/db/conf/sigmod/sigmod2021.html,C
sigmod2020,https://dblp.uni-trier.de/db/conf/sigmod/sigmod2020.html,C
neurips2020,https://dblp.uni-trier.de/db/conf/nips/neurips2020.html,C
neurips2020,https://dblp.uni-trier.de/db/conf/nips/demo2020x.html,C
neurips2020,https://dblp.uni-trier.de/db/conf/nips/csw2020.html,C
kdd2021,https://dblp.uni-trier.de/db/conf/kdd/kdd2021.html,C
kdd2020,https://dblp.uni-trier.de/db/conf/kdd/kdd2020.html,C
NLLPkdd2020,https://dblp.uni-trier.de/db/conf/kdd/nllp2020.html,C
Converse@KDD2020,https://dblp.uni-trier.de/db/conf/kdd/converse2020.html,C
CD@KDD2020,https://dblp.uni-trier.de/db/conf/kdd/cd2020.html,C
KiML@KDD2020,https://dblp.uni-trier.de/db/conf/kdd/kiml2020.html,C
ICDE2021,https://dblp.uni-trier.de/db/conf/icde/icde2021.html,C
ICDE2020,https://dblp.uni-trier.de/db/conf/icde/icde2020.html,C
ACMMM2021,https://dblp.uni-trier.de/db/conf/mm/mm2021.html,C
ACMMM2021-ADGC,https://dblp.uni-trier.de/db/conf/mm/adgd2021.html,C
ACMMM2021-ADVM,https://dblp.uni-trier.de/db/conf/mm/advm2021.html,C
ACMMM2021-FME,https://dblp.uni-trier.de/db/conf/mm/fme2021.html,C
ACMMM2021-MUSE,https://dblp.uni-trier.de/db/conf/mm/muse2021.html,C
ACMMM2021-TA,https://dblp.uni-trier.de/db/conf/mm/ta2021.html,C
ACMMM2021-MUCAI,https://dblp.uni-trier.de/db/conf/mm/mucai2021.html,C
ACMMM2021-MULL,https://dblp.uni-trier.de/db/conf/mm/mull2021.html,C
ACMMM2021-WAB,https://dblp.uni-trier.de/db/conf/mm/wab2021.html,C
ACMMM2020,https://dblp.uni-trier.de/db/conf/mm/mm2020.html,C
ACMMM2020-MUSE,https://dblp.uni-trier.de/db/conf/mm/muse2020.html,C
AAAI2021,https://dblp.uni-trier.de/db/conf/aaai/aaai2021.html,C
AAAI2021-safeai,https://dblp.uni-trier.de/db/conf/aaai/safeai2021.html,C
AAAI2021-sdu,https://dblp.uni-trier.de/db/conf/aaai/sdu2021.html,C
AAAI2021-affcon,https://dblp.uni-trier.de/db/conf/aaai/affcon2021.html,C
AAAI2021-constraint,https://dblp.uni-trier.de/db/conf/aaai/constraint2021.html,C
AAAI2020,https://dblp.uni-trier.de/db/conf/aaai/aaai2020.html,C
AAAI2020-safeai,https://dblp.uni-trier.de/db/conf/aaai/safeai2020.html,C
AAAI2020-affcon,https://dblp.uni-trier.de/db/conf/aaai/affcon2020.html,C
WWW2021,https://dblp.uni-trier.de/db/conf/www/www2021.html,C
WWW2021C,https://dblp.uni-trier.de/db/conf/www/www2021c.html,C
WWW2021-cleopatra,https://dblp.uni-trier.de/db/conf/www/cleopatra2021.html,C
WWW2020,https://dblp.uni-trier.de/db/conf/www/www2020.html,C
WWW2020C,https://dblp.uni-trier.de/db/conf/www/www2020c.html,C
SIGIR2021,https://dblp.uni-trier.de/db/conf/sigir/sigir2021.html,C
SIGIR2020,https://dblp.uni-trier.de/db/conf/sigir/sigir2020.html,C
SIGIR2020-birds,https://dblp.uni-trier.de/db/conf/sigir/birds2020.html,C
ICML2021,https://dblp.uni-trier.de/db/conf/icml/icml2021.html,C
ICML2020,https://dblp.uni-trier.de/db/conf/icml/icml2020.html,C
ICML2019,https://dblp.uni-trier.de/db/conf/icml/icml2019.html,C
CVPR2021,https://dblp.uni-trier.de/db/conf/cvpr/cvpr2021.html,C
CVPR2020,https://dblp.uni-trier.de/db/conf/cvpr/cvpr2020.html,C
CVPRW2021,https://dblp.uni-trier.de/db/conf/cvpr/cvprw2021.html,C
CVPRW2020,https://dblp.uni-trier.de/db/conf/cvpr/cvprw2020.html,C
ICCV2021,https://dblp.uni-trier.de/db/conf/iccv/iccv2021.html,C
ICCV2021,https://dblp.uni-trier.de/db/conf/iccvw/iccvw2021.html,C
ICCV2019,https://dblp.uni-trier.de/db/conf/iccv/iccv2019.html,C
ACL2021,https://dblp.uni-trier.de/db/conf/acl/acl2021-1.html,C
ACL2021,https://dblp.uni-trier.de/db/conf/acl/acl2021-2.html,C
ACL2021,https://dblp.uni-trier.de/db/conf/acl/acl2021-s.html,C
ACL2021,https://dblp.uni-trier.de/db/conf/acl/acl2021f.html,C
ACL2020,https://dblp.uni-trier.de/db/conf/acl/acl2020.html,C
ACL2020,https://dblp.uni-trier.de/db/conf/acl/acl2020-d.html,C
ACL2020,https://dblp.uni-trier.de/db/conf/acl/acl2020-s.html,C
ACL2020,https://dblp.uni-trier.de/db/conf/acl/acl2020-t.html,C
ACL2020-nuse,https://dblp.uni-trier.de/db/conf/acl/nuse2020.html,C
IJCAI2021,https://dblp.uni-trier.de/db/conf/ijcai/ijcai2021.html,C
IJCAI2021-aisafety,https://dblp.uni-trier.de/db/conf/ijcai/aisafety2021.html,C
IJCAI2021-fca4ai,https://dblp.uni-trier.de/db/conf/ijcai/fca4ai2021.html,C
IJCAI2021-mrc,https://dblp.uni-trier.de/db/conf/ijcai/mrc2021.html,C
IJCAI2020,https://dblp.uni-trier.de/db/conf/ijcai/ijcai2020.html,C
IJCAI2020-aisafety,https://dblp.uni-trier.de/db/conf/ijcai/aisafety2020.html,C
IJCAI2020-ai4narratives,https://dblp.uni-trier.de/db/conf/ijcai/ai4narratives2020.html,C
IJCAI2020-ai4km,https://dblp.uni-trier.de/db/conf/ijcai/ai4km2020.html,C
TPAMI2022,https://dblp.uni-trier.de/db/journals/pami/pami44.html,J
TPAMI2021,https://dblp.uni-trier.de/db/journals/pami/pami43.html,J
TPAMI2020,https://dblp.uni-trier.de/db/journals/pami/pami42.html,J
IJCV2022,https://dblp.uni-trier.de/db/journals/ijcv/ijcv130.html,J
IJCV2021,https://dblp.uni-trier.de/db/journals/ijcv/ijcv129.html,J
IJCV2020,https://dblp.uni-trier.de/db/journals/ijcv/ijcv128.html,J
JMLR2022,https://dblp.uni-trier.de/db/journals/jmlr/jmlr23.html,J
JMLR2021,https://dblp.uni-trier.de/db/journals/jmlr/jmlr22.html,J
JMLR2020,https://dblp.uni-trier.de/db/journals/jmlr/jmlr21.html,J
VLDB2022,https://dblp.uni-trier.de/db/journals/vldb/vldb31.html,J
VLDB2021,https://dblp.uni-trier.de/db/journals/vldb/vldb30.html,J
VLDB2020,https://dblp.uni-trier.de/db/journals/vldb/vldb29.html,J
TOIS2022,https://dblp.uni-trier.de/db/journals/tois/tois40.html,J
TOIS2021,https://dblp.uni-trier.de/db/journals/tois/tois39.html,J
TOIS2020,https://dblp.uni-trier.de/db/journals/tois/tois38.html,J
TODS2021,https://dblp.uni-trier.de/db/journals/tods/tods46.html,J
TODS2020,https://dblp.uni-trier.de/db/journals/tods/tods45.html,J
TKDE2022,https://dblp.uni-trier.de/db/journals/tkde/tkde34.html,J
TKDE2021,https://dblp.uni-trier.de/db/journals/tkde/tkde33.html,J
TKDE2020,https://dblp.uni-trier.de/db/journals/tkde/tkde32.html,J
IEEE2022,https://dblp.uni-trier.de/db/journals/pieee/pieee110.html,J
IEEE2021,https://dblp.uni-trier.de/db/journals/pieee/pieee109.html,J
IEEE2020,https://dblp.uni-trier.de/db/journals/pieee/pieee108.html,J
ACM2022,https://dblp.uni-trier.de/db/journals/jacm/jacm69.html,J
ACM2021,https://dblp.uni-trier.de/db/journals/jacm/jacm68.html,J
ACM2020,https://dblp.uni-trier.de/db/journals/jacm/jacm67.html,J
AI2022,https://dblp.uni-trier.de/db/journals/ai/ai302.html,J
AI2022,https://dblp.uni-trier.de/db/journals/ai/ai303.html,J
AI2022,https://dblp.uni-trier.de/db/journals/ai/ai304.html,J
AI2021,https://dblp.uni-trier.de/db/journals/ai/ai290.html,J
AI2021,https://dblp.uni-trier.de/db/journals/ai/ai291.html,J
AI2021,https://dblp.uni-trier.de/db/journals/ai/ai292.html,J
AI2021,https://dblp.uni-trier.de/db/journals/ai/ai293.html,J
AI2021,https://dblp.uni-trier.de/db/journals/ai/ai294.html,J
AI2021,https://dblp.uni-trier.de/db/journals/ai/ai295.html,J
AI2021,https://dblp.uni-trier.de/db/journals/ai/ai296.html,J
AI2021,https://dblp.uni-trier.de/db/journals/ai/ai297.html,J
AI2021,https://dblp.uni-trier.de/db/journals/ai/ai298.html,J
AI2021,https://dblp.uni-trier.de/db/journals/ai/ai299.html,J
AI2021,https://dblp.uni-trier.de/db/journals/ai/ai300.html,J
AI2021,https://dblp.uni-trier.de/db/journals/ai/ai301.html,J
AI2020,https://dblp.uni-trier.de/db/journals/ai/ai278.html,J
AI2020,https://dblp.uni-trier.de/db/journals/ai/ai279.html,J
AI2020,https://dblp.uni-trier.de/db/journals/ai/ai280.html,J
AI2020,https://dblp.uni-trier.de/db/journals/ai/ai281.html,J
AI2020,https://dblp.uni-trier.de/db/journals/ai/ai282.html,J
AI2020,https://dblp.uni-trier.de/db/journals/ai/ai283.html,J
AI2020,https://dblp.uni-trier.de/db/journals/ai/ai284.html,J
AI2020,https://dblp.uni-trier.de/db/journals/ai/ai285.html,J
AI2020,https://dblp.uni-trier.de/db/journals/ai/ai286.html,J
AI2020,https://dblp.uni-trier.de/db/journals/ai/ai287.html,J
AI2020,https://dblp.uni-trier.de/db/journals/ai/ai288.html,J
AI2020,https://dblp.uni-trier.de/db/journals/ai/ai289.html,J
